{

    "_______________System_Matrices_______________" : "------------------------------------------------------------------------------------",

    "A" : [     [0,      0,      0,      0],
                [0,      0,      0,      0],
                [0,      0,      0,      0],
                [0,      0,      0,      0] ],

    "B" : [     [0,      0,      0,      0],
                [0,      0,      0,      0],
                [0,      0,      0,      0],
                [0,      0,      0,      0] ],

    "C" : [     [0,      0,      0,      0],
                [0,      0,      0,      0],
                [0,      0,      0,      0],
                [0,      0,      0,      0] ],

    "D" : [     [0,      0,      0,      0],
                [0,      0,      0,      0],
                [0,      0,      0,      0],
                [0,      0,      0,      0] ],

    "Ad" : [    [1.000112452562885,   0.015336900674167,  -0.012370877941402,  -0.000852293068798],
                [0.013313337454162,   1.039927898457461,  -1.482305013721721,  -0.105564240120538],
                [0.000617807865191,   0.001850911267849,   0.938092228993660,   0.010347988608037],
                [0.073237794268807,   0.219645940006179,  -7.345602112872483,   0.425427669112009]    ],

    "Bd" : [    [-0.000112452562885],
                [-0.013313337454162],
                [-0.000617807865191],
                [-0.073237794268807]   ],

    "Cd" : [    [1.0000,     0.0000,     0.0000,     0.0000]    ],

    "Dd" : [    [0.0000]    ],


    "_______________Control_Vars_______________" : "---------------------------------------------------------------------------------------",


    "xref":     0.0000,

    "K" :  [    [-50.0,     -150.0,     5500.0,     350.0]     ],


    "_______________Costs_______________" : "----------------------------------------------------------------------------------------------",


    "Q" :  [    [1.7]      ],

    "R" :  [    [0.03333333333]       ],

    "RD" : [    5.0      ]

}
