{

    "_______________System_Matrices_______________" : "------------------------------------------------------------------------------------",

    "A" : [     [0,      0,      0,      0],
                [0,      0,      0,      0],
                [0,      0,      0,      0],
                [0,      0,      0,      0] ],

    "B" : [     [0,      0,      0,      0],
                [0,      0,      0,      0],
                [0,      0,      0,      0],
                [0,      0,      0,      0] ],

    "C" : [     [0,      0,      0,      0],
                [0,      0,      0,      0],
                [0,      0,      0,      0],
                [0,      0,      0,      0] ],

    "D" : [     [0,      0,      0,      0],
                [0,      0,      0,      0],
                [0,      0,      0,      0],
                [0,      0,      0,      0] ],

    "Ad" : [    [1.00001778004125,       0.00505320517549851,    -0.0014579033084379,    -9.14586695703811e-05  ],
                [0.00631068462774803,    1.01889078789663,       -0.525176404883372,     -0.0330113264471781    ],
                [0.000300335964611163,   0.000898728268207066,    0.978168996256657,      0.00345977076140498   ],
                [0.10666260164028,       0.319290150442394,      -7.75759238566293,       0.444855988055254     ]    ],

    "Bd" : [    [-1.77800412462243e-05  ],
                [-0.00631068462774803   ],
                [-0.000300335964611163  ],
                [-0.10666260164028      ]   ],

    "Cd" : [    [1.0000,     0.0000,     0.0000,     0.0000]    ],

    "Dd" : [    [0.0000]    ],


    "_______________Control_Vars_______________" : "---------------------------------------------------------------------------------------",


    "xref":     10.0000,

    "K" :  [    [-50.0,     -150.0,     4000.0,     250.0]     ],


    "_______________Costs_______________" : "----------------------------------------------------------------------------------------------",


    "Q" :  [    [100]      ],

    "R" :  [    [0.03333333333]       ],

    "RD" : [    5.0000      ]

}