{

    "_______________System_Matrices_______________" : "------------------------------------------------------------------------------------",

    "A" : [     [0,      0,      0,      0],
                [0,      0,      0,      0],
                [0,      0,      0,      0],
                [0,      0,      0,      0] ],

    "B" : [     [0,      0,      0,      0],
                [0,      0,      0,      0],
                [0,      0,      0,      0],
                [0,      0,      0,      0] ],

    "C" : [     [0,      0,      0,      0],
                [0,      0,      0,      0],
                [0,      0,      0,      0],
                [0,      0,      0,      0] ],

    "D" : [     [0,      0,      0,      0],
                [0,      0,      0,      0],
                [0,      0,      0,      0],
                [0,      0,      0,      0] ],

    "Ad" : [    [1.000120696676486,   0.015361589229426,  -0.009880651186153,  -0.000654613152349],
                [0.014787217638427,   1.044343992738891,  -1.227270194540968,  -0.083816739378288],
                [0.000663272261963,   0.001987062756309,   0.953378223212729,   0.011441178772720],
                [0.081385710413974,   0.244058916722712,  -5.729570618994959,   0.546449671142858]    ],

    "Bd" : [    [-0.000120696676486],
                [-0.014787217638427],
                [-0.000663272261963],
                [-0.081385710413974]   ],

    "Cd" : [    [1.0000,     0.0000,     0.0000,     0.0000]    ],

    "Dd" : [    [0.0000]    ],


    "_______________Control_Vars_______________" : "---------------------------------------------------------------------------------------",


    "xref":     0.0000,

    "K" :  [    [-50.0,     -150.0,     4000.0,     250.0]     ],


    "_______________Costs_______________" : "----------------------------------------------------------------------------------------------",


    "Q" :  [    [10000]      ],

    "R" :  [    [0.3333333333]       ],

    "RD" : [    20.0000      ]

}
