{

    "_______________System_Matrices_______________" : "------------------------------------------------------------------------------------",

    "A" : [     [0,      0,      0,      0],
                [0,      0,      0,      0],
                [0,      0,      0,      0],
                [0,      0,      0,      0] ],

    "B" : [     [0,      0,      0,      0],
                [0,      0,      0,      0],
                [0,      0,      0,      0],
                [0,      0,      0,      0] ],

    "C" : [     [0,      0,      0,      0],
                [0,      0,      0,      0],
                [0,      0,      0,      0],
                [0,      0,      0,      0] ],

    "D" : [     [0,      0,      0,      0],
                [0,      0,      0,      0],
                [0,      0,      0,      0],
                [0,      0,      0,      0] ],

    "Ad" : [    [1.000056597422846,   0.010169456454302,  -0.004595313739651,  -0.000298655373148],
                [0.010718015917475,   1.032110361877381,  -0.877565524504525,  -0.058185393327028],
                [0.000310784017196,   0.000930507792639,   0.978175426469265,   0.008371424532187],
                [0.058891678648741,   0.176434798972336,  -4.139686870879289,   0.683717033225562]    ],

    "Bd" : [    [-0.000056597422846],
                [-0.010718015917475],
                [-0.000310784017196],
                [-0.058891678648741]   ],

    "Cd" : [    [1.0000,     0.0000,     0.0000,     0.0000]    ],

    "Dd" : [    [0.0000]    ],


    "_______________Control_Vars_______________" : "---------------------------------------------------------------------------------------",


    "xref":     0.0000,

    "K" :  [    [-50.0,     -150.0,     4500.0,     350.0]     ],


    "_______________Costs_______________" : "----------------------------------------------------------------------------------------------",


    "Q" :  [    [1000]      ],

    "R" :  [    [0.3333333333]       ],

    "RD" : [    20.0000      ]

}
